{
  "project_info": {
    "project_number": "331277601901",
    "firebase_url": "https://finalcasestudy-cf202-default-rtdb.firebaseio.com",
    "project_id": "finalcasestudy-cf202",
    "storage_bucket": "finalcasestudy-cf202.appspot.com"
  },
  "client": [
    {
      "client_info": {
        "mobilesdk_app_id": "1:331277601901:android:8900c5b8ecf0d122e0c364",
        "android_client_info": {
          "package_name": "com.example.finalcasestudy"
        }
      },
      "oauth_client": [
        {
          "client_id": "331277601901-ov6c28086t0pq21td5c2aj31174bapbc.apps.googleusercontent.com",
          "client_type": 3
        }
      ],
      "api_key": [
        {
          "current_key": "AIzaSyAK8jhoBgF9fDAiH3P3aK_YV8T83NTzgaM"
        }
      ],
      "services": {
        "appinvite_service": {
          "other_platform_oauth_client": [
            {
              "client_id": "331277601901-ov6c28086t0pq21td5c2aj31174bapbc.apps.googleusercontent.com",
              "client_type": 3
            }
          ]
        }
      }
    }
  ],
  "configuration_version": "1"
}